subreddit_id ,subreddit_title ,num_subscribers,public,mature
t5_2qh33,/r/funny/,7288177,True,False
t5_2s7tt,/r/AdviceAnimals/,4251333,True,False
t5_2qh0u,/r/pics/,7212767,True,False
t5_2qh1o,/r/aww/,5701758,True,False
t5_2qqjc,/r/todayilearned/,7076129,True,False
t5_2qh03,/r/gaming/,6433048,True,False
t5_2qh1e,/r/videos/,6486101,True,False
t5_2qh61,/r/WTF/,4467400,True,False
t5_2qt55,/r/gifs/,4150849,True,False
t5_2rfxx,/r/leagueoflegends/,594821,True,False
t5_2qh13,/r/worldnews/,6940396,True,False
t5_2qh1i,/r/AskReddit/,7203201,True,False
t5_2qh4w,/r/4chan/,552984,True,False
t5_2sekm,/r/TrollXChromosomes/,107746,True,False
t5_2sgp1,/r/pcmasterrace/,260208,True,False
t5_2qh3l,/r/news/,4268878,True,False
t5_2r9vp,/r/trees/,665089,True,False
t5_2t5y3,/r/reactiongifs/,457568,True,False
t5_2cneq,/r/politics/,3090539,True,False
t5_2qh3s,/r/movies/,6035858,True,False
t5_2ti4h,/r/mildlyinteresting/,2152994,True,False
t5_2qio8,/r/wow/,204161,True,False
t5_2s580,/r/DotA2/,194199,True,False
t5_2szyo,/r/Showerthoughts/,1848119,True,False
t5_2qmg3,/r/nfl/,326984,True,False
t5_2qh16,/r/technology/,5078609,True,False
t5_2sljg,/r/SquaredCircle/,57347,True,False
t5_2vq0w,/r/DestinyTheGame/,136518,True,False
t5_2sqho,/r/GlobalOffensive/,125406,True,False
t5_2r8tu,/r/woahdude/,693298,True,False
t5_2qh2p,/r/atheism/,2078158,True,False
t5_2qo4s,/r/nba/,229315,True,False
t5_33726,/r/KotakuInAction/,21322,True,False
t5_2sesx,/r/gentlemanboners/,292054,True,False
t5_2qi58,/r/soccer/,295764,True,False
t5_2va9w,/r/cringepics/,454015,True,False
t5_2to41,/r/tifu/,1800929,True,False
t5_2qmeb,/r/pokemon/,394260,True,False
t5_2sokd,/r/explainlikeimfive/,3869249,True,False
t5_2qhsa,/r/interestingasfuck/,271965,True,False
t5_2qh72,/r/Jokes/,1857248,True,False
t5_2qoqw,/r/Celebs/,129791,True,False
t5_2qh1u,/r/Music/,5815566,True,False
t5_2qh55,/r/food/,1865106,True,False
t5_2vizz,/r/TumblrInAction/,147743,True,False
t5_2qhwp,/r/Games/,542929,True,False
t5_2rygv,/r/thewalkingdead/,195820,True,False
t5_2qhta,/r/cats/,231455,True,False
t5_2x9xz,/r/fatpeoplehate/,33018,True,False
t5_2w31t,/r/hearthstone/,177663,True,False
t5_2qzb6,/r/IAmA/,6854336,True,False
t5_mouw,/r/science/,6894425,True,False
t5_2w67q,/r/Unexpected/,312689,True,False
t5_2qiep,/r/smashbros/,128970,True,False
t5_2qiel,/r/hockey/,170680,True,False
t5_2qlqh,/r/Android/,482799,True,False
t5_2qpol,/r/circlejerk/,223389,True,False
t5_2rybx,/r/TheLastAirbender/,126619,True,False
t5_2t0xk,/r/GrandTheftAutoV/,118516,True,False
t5_2r05i,/r/Minecraft/,419146,True,False
t5_2qimj,/r/formula1/,72422,True,False
t5_2qnts,/r/nottheonion/,1747284,True,False
t5_2sih3,/r/polandball/,118003,False,False
t5_2uxtj,/r/standupshots/,142315,True,False
t5_2ubgg,/r/mildlyinfuriating/,187064,True,False
t5_2qlqq,/r/fantasyfootball/,114304,True,False
t5_2qh3v,/r/bestof/,4766026,True,False
t5_2rww2,/r/MakeupAddiction/,209370,True,False
t5_2sbq3,/r/EarthPorn/,3647440,True,False
t5_2qh87,/r/space/,1861398,True,False
t5_2raed,/r/creepy/,1637560,True,False
t5_2w7mz,/r/Tinder/,57025,True,False
t5_2qgzy,/r/sports/,2336028,True,False
t5_2r5rp,/r/facepalm/,322757,True,False
t5_2s3qj,/r/Bitcoin/,143421,True,False
t5_2qjvn,/r/relationships/,239730,True,False
t5_2qh0s,/r/comics/,375338,True,False
t5_2qh4i,/r/books/,3488862,True,False
t5_2tecy,/r/photoshopbattles/,1835917,True,False
t5_2tvh2,/r/TrollYChromosome/,38852,True,False
t5_2sokh,/r/JusticePorn/,324343,True,False
t5_2rh4c,/r/hiphopheads/,232179,True,False
t5_2u28p,/r/MURICA/,151709,True,False
t5_2rd9v,/r/FoodPorn/,333852,True,False
t5_2qm9d,/r/CFB/,112579,True,False
t5_2r2jt,/r/TwoXChromosomes/,1536593,True,False
t5_2qh4r,/r/conspiracy/,267042,True,False
t5_2r7hk,/r/tumblr/,86554,True,False
t5_2uao3,/r/trashy/,77402,True,False
t5_2qixk,/r/halo/,93750,True,False
t5_2tycb,/r/OldSchoolCool/,1607674,True,False
t5_2rjli,/r/teenagers/,82451,True,False
t5_2r8lo,/r/dragonage/,31698,True,False
t5_2s5oq,/r/LifeProTips/,2363140,True,False
t5_2qi4s,/r/StarWars/,207151,True,False
t5_2tydy,/r/awwnime/,32200,True,False
t5_2vmb7,/r/thatHappened/,167316,True,False
t5_2t2zt,/r/TalesFromRetail/,163476,True,False
t5_2qh8e,/r/australia/,81677,True,False
t5_2sw5r,/r/firstworldanarchists/,239677,True,False
t5_2sfg5,/r/talesfromtechsupport/,219662,True,False
t5_2t7no,/r/Futurology/,1714046,True,False
t5_2x93b,/r/oddlysatisfying/,226524,True,False
t5_2qh22,/r/anime/,226267,True,False
t5_2qh6e,/r/television/,3248059,True,False
t5_2rmfx,/r/GetMotivated/,1785682,True,False
t5_2s837,/r/skyrim/,261298,True,False
t5_2qpp6,/r/starcraft/,167244,True,False
t5_2qh7a,/r/Art/,1635374,True,False
t5_2sa3m,/r/CrappyDesign/,129388,True,False
t5_2qil9,/r/Eve/,44982,True,False
t5_2qka0,/r/tf2/,137687,True,False
t5_2snxj,/r/CrazyIdeas/,143930,True,False
t5_2xbci,/r/xboxone/,88387,True,False
t5_2qiqi,/r/harrypotter/,171715,True,False
t5_2tqlz,/r/youtubehaiku/,130988,True,False
t5_2tk95,/r/dataisbeautiful/,1717787,True,False
t5_2s3nb,/r/WritingPrompts/,1509343,True,False
t5_2rrlp,/r/PS4/,131232,True,False
t5_2rm4d,/r/nosleep/,1690899,True,False
t5_2qh7d,/r/DIY/,2000737,True,False
t5_2qhw4,/r/wallpapers/,309987,True,False
t5_2sl0y,/r/progresspics/,112538,True,False
t5_2skqi,/r/HistoryPorn/,381129,True,False
t5_2qqlo,/r/fffffffuuuuuuuuuuuu/,588984,True,False
t5_2qm4e,/r/askscience/,3996988,True,False
t5_2vegg,/r/me_irl/,20339,True,False
t5_2wfjv,/r/AnimalsBeingJerks/,190514,True,False
t5_2r6rj,/r/cringe/,290866,True,False
t5_2wabq,/r/punchablefaces/,27518,True,False
t5_2qmlu,/r/electronic_cigarette/,76643,True,False
t5_2ssp3,/r/AskHistorians/,341675,True,False
t5_2qtwb,/r/childfree/,59641,True,False
t5_2yipe,/r/DesirePath/,13446,True,False
t5_2si92,/r/MapPorn/,198782,True,False
t5_2xp02,/r/justneckbeardthings/,55881,True,False
t5_2wyxm,/r/fatlogic/,58447,True,False
t5_2qhx4,/r/Fitness/,1981941,True,False
t5_33uma,/r/UnexpectedThugLife/,66088,True,False
t5_2smr1,/r/KerbalSpaceProgram/,86796,True,False
t5_2qh3p,/r/sex/,510702,True,False
t5_2sate,/r/LadyBoners/,142095,True,False
t5_2sxpk,/r/bindingofisaac/,35880,True,False
t5_2yyap,/r/youdontsurf/,122832,True,False
t5_2se5q,/r/RedditLaqueristas/,61767,True,False
t5_2qj9g,/r/tattoos/,332808,True,False
t5_2rlke,/r/carporn/,104400,True,False
t5_2qhbe,/r/Frugal/,425809,True,False
t5_2rx57,/r/Patriots/,21278,True,False
t5_2qm7u,/r/baseball/,112880,True,False
t5_2rhs5,/r/TheSimpsons/,93873,True,False
t5_2qi6d,/r/motorcycles/,115123,True,False
t5_2qofe,/r/sweden/,45243,True,False
t5_2ranw,/r/offmychest/,147888,True,False
t5_2tbbg,/r/SkincareAddiction/,123962,True,False
t5_2qh68,/r/canada/,157753,True,False
t5_2qoqu,/r/southpark/,113218,True,False
t5_2sumw,/r/britishproblems/,84049,True,False
t5_2qnzu,/r/Fallout/,146942,True,False
t5_2ug83,/r/creepyPMs/,132681,True,False
t5_2ty3s,/r/dayz/,112095,True,False
t5_2uie9,/r/battlefield_4/,76643,True,False
t5_2qn5f,/r/magicTCG/,111293,True,False
t5_2qj5n,/r/lifehacks/,340248,True,False
t5_2qhj4,/r/MMA/,90390,True,False
t5_2tteh,/r/Justrolledintotheshop/,94356,True,False
t5_2xp2p,/r/nonononoyes/,139494,True,False
t5_2sw51,/r/shittyaskscience/,208114,True,False
t5_2qwx3,/r/GameDeals/,269180,True,False
t5_2stl8,/r/Smite/,43918,True,False
t5_2u49t,/r/montageparodies/,120901,True,False
t5_2qhm7,/r/lego/,83703,True,False
t5_2t0j5,/r/cosplaygirls/,100580,True,False
t5_2rjz2,/r/gameofthrones/,445659,True,False
t5_2r8c5,/r/jailbreak/,77623,True,False
t5_2vxvd,/r/FiftyFifty/,219141,True,False
t5_2qqt8,/r/batman/,112911,True,False
t5_2qhc8,/r/guns/,190987,True,False
t5_2s8bl,/r/mylittlepony/,64212,True,False
t5_2qhlh,/r/Documentaries/,1688806,True,False
t5_2qh49,/r/blog/,6868413,False,False
t5_2qh1q,/r/india/,29740,True,False
t5_2qh4j,/r/europe/,173096,True,False
t5_2sh6t,/r/AbandonedPorn/,247209,True,False
t5_2qhek,/r/doctorwho/,231707,True,False
t5_2qwxl,/r/runescape/,40091,True,False
t5_2qn08,/r/beards/,84570,True,False
t5_2qstm,/r/personalfinance/,1657927,True,False
t5_2qil2,/r/rage/,96586,True,False
t5_2s7g9,/r/roosterteeth/,98333,True,False
t5_2wmvy,/r/AnimalsBeingBros/,92463,True,False
t5_2tex6,/r/ProgrammerHumor/,53823,True,False
t5_2sq9y,/r/MilitaryPorn/,80992,True,False
t5_2t0no,/r/dadjokes/,187769,True,False
t5_2ulfu,/r/gamegrumps/,56134,True,False
t5_2fwo,/r/programming/,569965,True,False
t5_2ul7u,/r/InternetIsBeautiful/,1748972,True,False
t5_2qhk3,/r/MensRights/,101314,True,False
t5_2x2oy,/r/Whatcouldgowrong/,162416,True,False
t5_2u1if,/r/shittyfoodporn/,76097,True,False
t5_2r40o,/r/Marvel/,77051,True,False
t5_2qh1f,/r/apple/,235918,True,False
t5_2rdw8,/r/corgi/,68873,True,False
t5_2qi0s,/r/bicycling/,138529,True,False
t5_2r2kq,/r/mashups/,64925,True,False
t5_2usfk,/r/ClashOfClans/,46403,True,False
t5_2quts,/r/Naruto/,54319,True,False
t5_2wfqt,/r/Shitty_Car_Mods/,59002,True,False
t5_2zcp2,/r/dogecoin/,86838,True,False
t5_2qqdb,/r/Bad_Cop_No_Donut/,68972,True,False
t5_2ske1,/r/RoomPorn/,223955,True,False
t5_2qhon,/r/comicbooks/,127729,True,False
t5_2qh11,/r/offbeat/,301570,True,False
t5_2zich,/r/bravefrontier/,16581,True,False
t5_2s3kh,/r/whatisthisthing/,126677,True,False
t5_2vwxh,/r/WatchItForThePlot/,93036,True,False
t5_2qwis,/r/Steam/,172156,True,False
t5_2vg7t,/r/pettyrevenge/,141081,True,False
t5_2qhqb,/r/unitedkingdom/,90575,True,False
t5_2u3ta,/r/UpliftingNews/,1566813,True,False
t5_2xxyj,/r/Damnthatsinteresting/,93971,True,False
t5_2tx47,/r/Random_Acts_Of_Amazon/,26148,True,False
t5_2qxzy,/r/listentothis/,1696088,True,False
t5_2r9ei,/r/DnD/,62636,True,False
t5_2s30g,/r/AskMen/,163957,True,False
t5_2rub3,/r/PrettyGirls/,91231,True,False
t5_2r94o,/r/YouShouldKnow/,428065,True,False
t5_313fb,/r/ArtefactPorn/,37200,True,False
t5_31h78,/r/podemos/,7885,True,False
t5_2tsod,/r/shittyreactiongifs/,38465,True,False
t5_2qhpm,/r/vegan/,41823,True,False
t5_2r65t,/r/malefashionadvice/,436828,True,False
t5_2qhl2,/r/cars/,137794,True,False
t5_2vd32,/r/wheredidthesodago/,314315,True,False
t5_2ryle,/r/Seahawks/,22205,True,False
t5_2rlw4,/r/breakingbad/,220633,True,False
t5_2sjnz,/r/wiiu/,54249,True,False
t5_2to85,/r/mindcrack/,50832,True,False
t5_2qh9a,/r/worldpolitics/,130702,True,False
t5_2vh37,/r/catpranks/,32166,True,False
t5_2ss5b,/r/SubredditDrama/,152766,True,False
t5_2qnub,/r/nostalgia/,111389,True,False
t5_2r1tc,/r/itookapicture/,146759,True,False
t5_2rdhg,/r/subaru/,33372,True,False
t5_30dlp,/r/twitchplayspokemon/,58246,True,False
t5_2s1wh,/r/Browns/,9201,True,False
t5_2qlqp,/r/woodworking/,91698,True,False
t5_33vph,/r/serialpodcast/,18658,True,False
t5_2spqb,/r/QuotesPorn/,223484,True,False
t5_2vi9f,/r/holdmybeer/,137161,True,False
t5_2qyt6,/r/TrueReddit/,313796,True,False
t5_2scjs,/r/CityPorn/,132014,True,False
t5_2v8ow,/r/blackpeoplegifs/,75303,True,False
t5_2qh63,/r/Libertarian/,119256,True,False
t5_2xfs1,/r/thalassophobia/,17092,True,False
t5_2r5qg,/r/dogpictures/,60997,True,False
t5_2ve1u,/r/TheRedPill/,84759,True,False
t5_2qh6p,/r/Conservative/,37774,True,False
t5_2qxh7,/r/FIFA/,33257,True,False
t5_2qhqw,/r/futurama/,119164,True,False
t5_2ugo7,/r/MechanicalKeyboards/,51838,True,False
t5_2t0hx,/r/paydaytheheist/,26863,True,False
t5_2qnhe,/r/hardbodies/,74601,True,False
t5_2qkju,/r/cosplay/,111811,True,False
t5_33oia,/r/GamerGhazi/,3720,True,False
t5_2sa9a,/r/FancyFollicles/,62523,True,False
t5_2s7cl,/r/BabyBumps/,20959,True,False
t5_2qgzt,/r/gadgets/,1711825,True,False
t5_2rdbn,/r/battlestations/,142974,True,False
t5_2skrn,/r/NoFap/,130560,True,False
t5_2wbww,/r/2007scape/,17158,True,False
t5_2y7lu,/r/lewronggeneration/,37295,True,False
t5_2riv8,/r/Rabbits/,20962,True,False
t5_2rxse,/r/reddevils/,25227,True,False
t5_2rxrw,/r/AskWomen/,172572,True,False
t5_2r2o9,/r/asoiaf/,172612,True,False
t5_2y8xf,/r/quityourbullshit/,95425,True,False
t5_2u8qf,/r/LearnUselessTalents/,192089,True,False
t5_2we9n,/r/raisedbynarcissists/,44272,True,False
t5_2v94d,/r/starcitizen/,38897,True,False
t5_2qh17,/r/geek/,274968,True,False
t5_2tnbv,/r/techsupportgore/,82573,True,False
t5_2qrtt,/r/Sneakers/,34308,True,False
t5_2rk3b,/r/civ/,104473,True,False
t5_2qi63,/r/toronto/,50853,True,False
t5_2s48x,/r/Planetside/,35693,True,False
t5_2s9jc,/r/spaceporn/,240651,True,False
t5_2qjof,/r/pitbulls/,21211,True,False
t5_31g7o,/r/CodAW/,23304,True,False
t5_2r0gj,/r/exmormon/,17219,True,False
t5_2zm3y,/r/behindthegifs/,129838,True,False
t5_2s9h3,/r/DunderMifflin/,61913,True,False
t5_2re7g,/r/cowboys/,11662,True,False
t5_2qh53,/r/history/,1725827,True,False
t5_2spbj,/r/realasians/,56407,True,False
t5_2qj8u,/r/Homebrewing/,101116,True,False
t5_2vi60,/r/EliteDangerous/,14274,True,False
t5_2s28b,/r/IASIP/,64608,True,False
t5_2ylxz,/r/HighQualityGifs/,45763,True,False
t5_2vy3g,/r/blunderyears/,59394,True,False
t5_2qh1n,/r/environment/,129031,True,False
t5_317ro,/r/ResentfulAnimals/,13057,True,False
t5_2s54g,/r/adventuretime/,141681,True,False
t5_2uhb6,/r/hardcoreaww/,28313,True,False
t5_351jt,/r/notreallyfamous/,12250,True,False
t5_2sgzs,/r/Cinemagraphs/,96528,True,False
t5_2xinb,/r/OutOfTheLoop/,148177,True,False
t5_2r5vt,/r/DoesAnybodyElse/,233097,True,False
t5_2viau,/r/GamePhysics/,84021,True,False
t5_2t7te,/r/PerfectTiming/,179870,True,False
t5_2rnve,/r/buildapc/,244289,True,False
t5_2qhad,/r/Seattle/,60637,True,False
t5_2w2s8,/r/changemyview/,159667,True,False
t5_2r9n6,/r/TopGear/,104755,True,False
t5_2s51j,/r/DenverBroncos/,10838,True,False
t5_2tjl7,/r/redditgetsdrawn/,71055,True,False
t5_2rz8w,/r/loseit/,242135,True,False
t5_2t776,/r/forwardsfromgrandma/,46823,True,False
t5_2s427,/r/Eyebleach/,71155,True,False
t5_2qqd2,/r/GreenBayPackers/,21689,True,False
t5_2qhfg,/r/pcgaming/,102959,True,False
t5_2qhb9,/r/ireland/,41807,True,False
t5_306sc,/r/Blep/,16367,True,False
t5_2rfz5,/r/OnePiece/,35396,True,False
t5_2sae2,/r/ArcherFX/,87970,True,False
t5_2ro0h,/r/NetflixBestOf/,212335,True,False
t5_2z02l,/r/bertstrips/,32523,True,False
t5_2vzax,/r/fatpeoplestories/,94397,True,False
t5_2r61g,/r/zelda/,119020,True,False
t5_2s599,/r/whowouldwin/,60539,True,False
t5_2qiu0,/r/knitting/,29897,True,False
t5_2rfb9,/r/lotr/,72015,True,False
t5_2qi2i,/r/Portland/,43538,True,False
t5_2vi0z,/r/Awwducational/,82988,True,False
t5_2qi50,/r/Cyberpunk/,59994,True,False
t5_2sbzt,/r/ImaginaryMonsters/,68486,True,False
t5_2r9po,/r/Guildwars2/,97818,True,False
t5_2qu49,/r/community/,140514,True,False
t5_2rct2,/r/OkCupid/,65256,True,False
t5_2u0xf,/r/notinteresting/,76413,True,False
t5_2qh1s,/r/Economics/,197586,True,False
t5_2ruqw,/r/NYGiants/,10549,True,False
t5_2z166,/r/ANormalDayInRussia/,60777,True,False
t5_2ql8s,/r/bodybuilding/,79692,True,False
t5_2qh7l,/r/Drugs/,184869,True,False
t5_2yb9w,/r/StartledCats/,52940,True,False
t5_2sa5n,/r/firstworldproblems/,147263,True,False
t5_2ubff,/r/perfectloops/,67091,True,False
t5_2rgs7,/r/ffxiv/,52829,True,False
t5_2slyp,/r/GifSound/,48957,True,False
t5_2w844,/r/NoStupidQuestions/,63375,True,False
t5_2y3wz,/r/OSHA/,42124,True,False
t5_2rebv,/r/49ers/,18163,True,False
t5_2xbrg,/r/AnimalsBeingDerps/,43765,True,False
t5_2qhr3,/r/Autos/,60968,True,False
t5_2ql00,/r/drunk/,102190,True,False
t5_2s3dh,/r/buildapcsales/,70015,True,False
t5_2u4js,/r/arrow/,29351,True,False
t5_2yuej,/r/iamverysmart/,52928,True,False
t5_2qi5w,/r/eagles/,15823,True,False
t5_2qhud,/r/Metal/,92703,True,False
t5_2r4wt,/r/somethingimade/,88247,True,False
t5_2rjys,/r/GTAV/,35914,True,False
t5_2w7et,/r/FloridaMan/,83374,True,False
t5_2w1gn,/r/nononono/,91365,True,False
t5_2qhqt,/r/Gunners/,31235,True,False
t5_2r5i1,/r/catpictures/,47103,True,False
t5_2qht0,/r/LosAngeles/,48406,True,False
t5_323oy,/r/CasualConversation/,40254,True,False
t5_2qh2s,/r/rpg/,77157,True,False
t5_2t92d,/r/misleadingthumbnails/,54225,True,False
t5_2x1rn,/r/im14andthisisdeep/,19658,True,False
t5_2sg86,/r/Yogscast/,36151,True,False
t5_2zlwp,/r/EverythingScience/,37787,True,False
t5_2qh6c,/r/Christianity/,90088,True,False
t5_2u2bh,/r/ContagiousLaughter/,82039,True,False
t5_32dy0,/r/instant_regret/,63429,True,False
t5_2sa88,/r/PandR/,64472,True,False
t5_2qm6c,/r/crochet/,25174,True,False
t5_2ss1q,/r/BuyItForLife/,142369,True,False
t5_2qlmm,/r/DCcomics/,44743,True,False
t5_2u2wq,/r/classic4chan/,58110,True,False
t5_2u4ls,/r/kpics/,12555,True,False
t5_2rl4o,/r/pugs/,21734,True,False
t5_2xfx8,/r/EditingAndLayout/,22418,False,False
t5_2sdu8,/r/dbz/,37465,True,False
t5_2qs24,/r/firefly/,70180,True,False
t5_32phx,/r/SwiggitySwootyGifs/,5361,True,False
t5_2qhnk,/r/nintendo/,67644,True,False
t5_2s2wi,/r/popping/,46416,True,False
t5_2sf9b,/r/ImaginaryLandscapes/,77659,True,False
t5_331ct,/r/fivenightsatfreddys/,4158,True,False
t5_2rske,/r/keto/,125083,True,False
t5_2w708,/r/educationalgifs/,68786,True,False
t5_2qpnm,/r/StLouis/,13635,True,False
t5_2y95n,/r/HFY/,10082,True,False
t5_2r0z9,/r/minimalism/,140069,True,False
t5_2qnp7,/r/sysadmin/,88991,True,False
t5_2qh41,/r/travel/,172196,True,False
t5_2qh2t,/r/chicago/,61770,True,False
t5_2qjpg,/r/memes/,44243,True,False
t5_2uni5,/r/oculus/,40251,True,False
t5_2tjsd,/r/Kappa/,11209,True,False
t5_2qhu2,/r/nyc/,74916,True,False
t5_2qmfx,/r/gif/,109270,True,False
t5_2qh8y,/r/Military/,61679,True,False
t5_2tvg8,/r/CoDCompetitive/,14693,True,False
t5_2rbnb,/r/MLS/,31258,True,False
t5_2wf20,/r/oldpeoplefacebook/,55624,True,False
t5_2qvp9,/r/drawing/,58431,True,False
t5_2qhu8,/r/aviation/,47779,True,False
t5_2qlkx,/r/Hunting/,23568,True,False
t5_2qi1v,/r/freebies/,295390,True,False
t5_2qh2a,/r/photography/,209076,True,False
t5_30y4t,/r/WrestleWithThePlot/,8237,True,False
t5_2rj3j,/r/CollegeBasketball/,42335,True,False
t5_2rc6i,/r/Aquariums/,40457,True,False
t5_2rzgi,/r/homestuck/,15874,True,False
t5_2reni,/r/EDC/,57438,True,False
t5_2xw1w,/r/GreatApes/,5132,False,False
t5_2qi2h,/r/furry/,14361,True,False
t5_2sf59,/r/archeage/,25729,True,False
t5_2s6v6,/r/assassinscreed/,40062,True,False
t5_2qh1a,/r/linux/,165333,True,False
t5_2rlwe,/r/TaylorSwift/,12546,True,False
t5_2sge2,/r/shutupandtakemymoney/,209120,True,False
t5_2qh96,/r/self/,135138,True,False
t5_2tg3p,/r/WarshipPorn/,19709,True,False
t5_2qh2b,/r/iphone/,128324,True,False
t5_2rd1x,/r/EmmaWatson/,73525,True,False
t5_2qmjl,/r/wallpaper/,142977,True,False
t5_2sbyc,/r/asmr/,89622,True,False
t5_2s0u3,/r/CHIBears/,16653,True,False
t5_2qh7i,/r/vinyl/,61413,True,False
t5_2viuz,/r/combinedgifs/,44586,True,False
t5_2spug,/r/AmericanHorrorStory/,31842,True,False
t5_2uc6j,/r/Warthunder/,22592,True,False
t5_31agq,/r/gifextra/,21314,True,False
t5_2r1ox,/r/kpop/,29614,True,False
t5_2qhn5,/r/Austin/,39784,True,False
t5_2v19p,/r/PenmanshipPorn/,96267,True,False
t5_2ruhy,/r/3DS/,72506,True,False
t5_2qig3,/r/skateboarding/,55678,True,False
t5_2s64w,/r/slowcooking/,116066,True,False
t5_2qh3u,/r/sanfrancisco/,38210,True,False
t5_2ug10,/r/ProtectAndServe/,20174,True,False
t5_2qhdx,/r/quotes/,84686,True,False
t5_333ts,/r/onegoodsentence/,2829,True,False
t5_2sn4q,/r/nextdoorasians/,35691,True,False
t5_2vhg0,/r/RWBY/,12839,True,False
t5_2u4lp,/r/rickandmorty/,58908,True,False
t5_30vm5,/r/babyelephantgifs/,60080,True,False
t5_2t403,/r/MLPLounge/,10773,True,False
t5_2wtsv,/r/delusionalartists/,46996,True,False
t5_2urg0,/r/Warframe/,20479,True,False
t5_2r5vr,/r/Pareidolia/,90480,True,False
t5_2rne9,/r/bikesgonewild/,18982,True,False
t5_2rzkb,/r/Chargers/,7216,True,False
t5_2vo75,/r/nexus6/,5656,True,False
t5_2rch0,/r/actuallesbians/,37873,True,False
t5_2r4jn,/r/Jeep/,21996,True,False
t5_2sgoq,/r/streetwear/,25096,True,False
t5_2st00,/r/goldenretrievers/,12183,True,False
t5_2sf6m,/r/pathofexile/,42562,True,False
t5_2r71o,/r/windowsphone/,37773,True,False
t5_2qh2w,/r/webcomics/,71044,True,False
t5_2u3tn,/r/SSBPM/,15231,True,False
t5_2u6rc,/r/FanTheories/,116144,True,False
t5_2qvgw,/r/longboarding/,47930,True,False
t5_2w1k9,/r/interstellar/,5532,True,False
t5_2qn0o,/r/LiverpoolFC/,23450,True,False
t5_2qhov,/r/vancouver/,28730,True,False
t5_2rm3n,/r/PropagandaPosters/,48507,True,False
t5_2t6kz,/r/shortscarystories/,43374,True,False
t5_2s022,/r/shorthairedhotties/,26027,True,False
t5_2rq9c,/r/totalwar/,29679,True,False
t5_2qkbe,/r/rugbyunion/,22347,True,False
t5_2vhdb,/r/whitepeoplegifs/,64837,True,False
t5_2sey3,/r/GunPorn/,41824,True,False
t5_2tdzg,/r/gaybros/,46598,True,False
t5_2rc19,/r/masseffect/,71324,True,False
t5_2wq8b,/r/DeepIntoYouTube/,72509,True,False
t5_2u6os,/r/Roadcam/,24878,True,False
t5_2s1g4,/r/SNSD/,11572,True,False
t5_2qlit,/r/running/,140788,True,False
t5_2ym13,/r/heroesofthestorm/,29478,True,False
t5_2qi79,/r/Guitar/,131128,True,False
t5_2rxue,/r/daddit/,29341,True,False
t5_2s8e9,/r/frugalmalefashion/,135719,True,False
t5_2qv8g,/r/tall/,42120,True,False
t5_2uqat,/r/eu4/,15889,True,False
t5_2st42,/r/farcry/,8334,True,False
t5_2qh5b,/r/philosophy/,1658673,True,False
t5_2qjii,/r/socialism/,42103,True,False
t5_2qtxs,/r/calvinandhobbes/,91022,True,False
t5_2qmjp,/r/boardgames/,79850,True,False
t5_2qm35,/r/Romania/,10612,True,False
t5_2qiq9,/r/Atlanta/,24852,True,False
t5_2r7yd,/r/learnprogramming/,165519,True,False
t5_2qh7f,/r/Cooking/,269260,True,False
t5_2qhg1,/r/beer/,150081,True,False
t5_2vvpi,/r/EatCheapAndHealthy/,165607,True,False
t5_2qhkh,/r/gardening/,94267,True,False
t5_2qlqk,/r/progressive/,35353,True,False
t5_2qh45,/r/google/,63701,True,False
t5_2qqqf,/r/depression/,91522,True,False
t5_2r4oc,/r/tipofmytongue/,114979,True,False
t5_30hhs,/r/UkrainianConflict/,17842,True,False
t5_2sv7q,/r/nocontext/,98943,True,False
t5_2vlad,/r/fullmoviesonyoutube/,182371,True,False
t5_2qixm,/r/startrek/,84055,True,False
t5_2vqni,/r/DarkSouls2/,59166,True,False
t5_2s9v2,/r/cableporn/,44353,True,False
t5_2r4w1,/r/promos/,6981,True,False
t5_2svuj,/r/see/,33096,True,False
t5_2qh8g,/r/disney/,47981,True,False
t5_2tyjo,/r/Offensive_Wallpapers/,50438,True,False
t5_2qocl,/r/minnesotavikings/,10334,True,False
t5_2t3t8,/r/LetsNotMeet/,95005,True,False
t5_2w8pb,/r/Indiemakeupandmore/,10949,True,False
t5_2s0bb,/r/Rainmeter/,42170,True,False
t5_2qore,/r/Diablo/,117637,True,False
t5_2shqy,/r/androidcirclejerk/,6485,True,False
t5_2qjto,/r/Denmark/,18210,True,False
t5_2xtgm,/r/ThingsCutInHalfPorn/,62494,True,False
t5_2slu2,/r/AskScienceFiction/,33886,True,False
t5_2yrq6,/r/PublicFreakout/,48105,True,False
t5_2sbd9,/r/ArtisanVideos/,89329,True,False
t5_2qx81,/r/trap/,37732,True,False
t5_2qhcs,/r/golf/,43181,True,False
t5_2se72,/r/Monstercat/,11568,True,False
t5_2vnph,/r/HipHopImages/,17896,True,False
t5_2sen9,/r/HumanPorn/,103055,True,False
t5_2rems,/r/katyperry/,22170,True,False
t5_2qhn3,/r/Parenting/,69824,True,False
t5_2v4cu,/r/Nexus5/,29842,True,False
t5_2qi0t,/r/snowboarding/,44568,True,False
t5_2up7a,/r/techsupportmacgyver/,42344,True,False
t5_2s46m,/r/wicked_edge/,64605,True,False
t5_2qk72,/r/climbing/,54966,True,False
t5_2qh3r,/r/boston/,42344,True,False
t5_2tgic,/r/CrusaderKings/,22113,True,False
t5_2xk99,/r/SexyWomanOfTheDay/,8780,True,False
t5_2qh34,/r/humor/,288769,True,False
t5_2xz02,/r/Chromecast/,38496,True,False
t5_2qh95,/r/redsox/,13943,True,False
t5_2y6ap,/r/breakingmom/,6527,True,False
t5_2rjdt,/r/starlets/,20338,True,False
t5_2rfut,/r/Metalcore/,20753,True,False
t5_2qrs7,/r/canucks/,9394,True,False
t5_2rbaa,/r/trailerparkboys/,35152,True,False
t5_2qx1h,/r/Baking/,61862,True,False
t5_2r3f3,/r/outside/,120804,True,False
t5_2sk1i,/r/ArianaGrande/,15021,True,False
t5_2qhor,/r/Astronomy/,113592,True,False
t5_2rygj,/r/vexillology/,28990,True,False
t5_2su3h,/r/paradoxplaza/,24337,True,False
t5_2uii8,/r/marvelstudios/,23658,True,False
t5_2umje,/r/Ladybonersgonecuddly/,26330,True,False
t5_2tl1h,/r/Braveryjerk/,16369,True,False
t5_2tja6,/r/terriblefacebookmemes/,21976,True,False
t5_2qh2z,/r/scifi/,207667,True,False
t5_2tq4v,/r/CatsStandingUp/,24215,True,False
t5_2qont,/r/foxes/,33395,True,False
t5_2sjmv,/r/vita/,37855,True,False
t5_2rcqy,/r/HIMYM/,87972,True,False
t5_2qhhk,/r/dogs/,80610,True,False
t5_2r6bz,/r/Eminem/,11027,True,False
t5_2s9n5,/r/gaymers/,37201,True,False
t5_2qh78,/r/Design/,103056,True,False
t5_2qls5,/r/Watches/,48789,True,False
t5_2rynx,/r/detroitlions/,8780,True,False
t5_2u7e8,/r/PKA/,20793,True,False
t5_2qhh7,/r/lgbt/,95373,True,False
t5_2wiar,/r/TumblrAtRest/,9164,True,False
t5_2v620,/r/feedthebeast/,20847,True,False
t5_2sap1,/r/alternativeart/,43691,True,False
t5_2rete,/r/Foodforthought/,134878,True,False
t5_2qzyn,/r/knives/,37062,True,False
t5_2qj8f,/r/skeptic/,93499,True,False
t5_2se9w,/r/ShinyPokemon/,9365,True,False
t5_2qi2x,/r/airsoft/,17629,True,False
t5_2smzw,/r/Frisson/,92553,True,False
t5_2r344,/r/analog/,14389,True,False
t5_2qu6q,/r/mycology/,20301,True,False
t5_2smlq,/r/homeland/,14802,True,False
t5_2qhma,/r/newzealand/,31706,True,False
t5_2qyw8,/r/grilledcheese/,23327,True,False
t5_2qo2a,/r/confession/,93361,True,False
t5_2veo0,/r/Delightfullychubby/,16818,True,False
t5_31lye,/r/muacirclejerk/,4087,True,False
t5_2sgq6,/r/truegaming/,123992,True,False
t5_2qig7,/r/skiing/,27560,True,False
t5_2qhgc,/r/awesome/,53840,True,False
t5_2w7hh,/r/TagPro/,10399,True,False
t5_2s4m9,/r/ShitRedditSays/,58698,True,False
t5_2qsrb,/r/Trucks/,13579,True,False
t5_2qqd4,/r/Warhammer/,27387,True,False
t5_2qn02,/r/bjj/,23205,True,False
t5_3328c,/r/pussypassdenied/,21111,True,False
t5_2sdcw,/r/MachinePorn/,53712,True,False
t5_2qgzg,/r/business/,179007,True,False
t5_2tgoz,/r/HITsWorthTurkingFor/,27328,True,False
t5_2r0cn,/r/relationship_advice/,92386,True,False
t5_2rl3d,/r/toosoon/,69456,True,False
t5_2t0hh,/r/shitpost/,10276,True,False
t5_2qqom,/r/CampingandHiking/,76345,True,False
t5_2qh0f,/r/entertainment/,163644,True,False
t5_2tncl,/r/KarmaConspiracy/,56897,True,False
t5_2tgym,/r/ShittyLifeProTips/,42935,True,False
t5_2qhbp,/r/islam/,21069,True,False
t5_2r187,/r/crafts/,45018,True,False
t5_2ty0c,/r/JessicaNigri/,21404,True,False
t5_2qxih,/r/swtor/,37448,True,False
t5_2rcyx,/r/headphones/,35805,True,False
t5_2qi0a,/r/gamedev/,113291,True,False
t5_2qknd,/r/Fantasy/,66777,True,False
t5_2tf0a,/r/bodyweightfitness/,124331,True,False
t5_2qhv7,/r/mexico/,25489,True,False
t5_2tlvh,/r/ExposurePorn/,56485,True,False
t5_2w997,/r/iOSthemes/,18056,True,False
t5_2w23a,/r/PuzzleAndDragons/,8843,True,False
t5_2rv3t,/r/weddingplanning/,17373,True,False
t5_2uif2,/r/PrettyGirlsUglyFaces/,34596,True,False
t5_2u82c,/r/everymanshouldknow/,199484,True,False
t5_2qn3a,/r/BMW/,22129,True,False
t5_2uoql,/r/gonecivil/,29550,True,False
t5_2x5s1,/r/syriancivilwar/,12833,True,False
t5_2w32w,/r/AsianCuties/,21095,True,False
t5_2y388,/r/ImaginaryLeviathans/,15634,True,False
t5_2rawz,/r/legaladvice/,27278,True,False
t5_2qt3b,/r/seinfeld/,35013,True,False
t5_2sxwp,/r/casualiama/,71504,True,False
t5_2x298,/r/SuperShibe/,56720,True,False
t5_2tsfo,/r/ShittyMapPorn/,15763,True,False
t5_2yicr,/r/AndroidMasterRace/,8186,True,False
t5_2qh9x,/r/horror/,60924,True,False
t5_2v0c6,/r/CombatFootage/,55231,True,False
t5_2qpj2,/r/Dachshund/,12460,True,False
t5_2qnh3,/r/RATS/,10971,True,False
t5_34opw,/r/AnimalTextGifs/,5297,True,False
t5_2t9x3,/r/summonerschool/,53092,True,False
t5_2sdsw,/r/JurassicPark/,8824,True,False
t5_2un3j,/r/MeanJokes/,34216,True,False
t5_2uhfi,/r/facebookwins/,43309,True,False
t5_2s643,/r/eatsandwiches/,47585,True,False
t5_2y6bs,/r/FlashTV/,13031,True,False
t5_2x23b,/r/theydidthemath/,89937,True,False
t5_2sa6y,/r/cordcutters/,69388,True,False
t5_2qkob,/r/sydney/,16053,True,False
t5_34njs,/r/millionairemakers/,8221,True,False
t5_2qn40,/r/Calgary/,13689,True,False
t5_2qh2n,/r/writing/,133413,True,False
t5_2ql8e,/r/Supernatural/,38187,True,False
t5_2s5sb,/r/torontoraptors/,6805,True,False
t5_2tf0e,/r/LeagueOfMemes/,23205,True,False
t5_2qj1l,/r/houston/,24792,True,False
t5_2qhrv,/r/seduction/,191632,True,False
t5_2rt3a,/r/AlienBlue/,154287,True,False
t5_2ryq7,/r/coys/,9440,True,False
t5_2reen,/r/androidapps/,53064,True,False
t5_2re84,/r/Rateme/,27651,True,False
t5_2qyn1,/r/dwarffortress/,35511,True,False
t5_2qhf9,/r/chemistry/,52175,True,False
t5_2qm21,/r/PoliticalHumor/,40272,True,False
t5_30qnb,/r/oneplus/,13634,True,False
t5_2r84s,/r/POLITIC/,19605,True,False
t5_2qldo,/r/Entrepreneur/,104987,True,False
t5_2qh5j,/r/Anarchism/,53578,True,False
t5_2s113,/r/WorldofTanks/,19981,True,False
t5_2vdcr,/r/Frugal_Jerk/,23809,True,False
t5_2qplv,/r/Psychonaut/,80196,True,False
t5_2w0u7,/r/AsianBeauty/,11861,True,False
t5_2w2ea,/r/softwaregore/,21010,True,False
t5_2rvio,/r/SelenaGomez/,13316,True,False
t5_2t3or,/r/rupaulsdragrace/,11117,True,False
t5_2rau9,/r/WWE/,14018,True,False
t5_2qkog,/r/london/,35388,True,False
t5_2scgk,/r/donaldglover/,14837,True,False
t5_2rck1,/r/redpandas/,15637,True,False
t5_2t7u5,/r/showerbeer/,24929,True,False
t5_2qhyf,/r/parrots/,8583,True,False
t5_2ryez,/r/Firearms/,21907,True,False
t5_2sg61,/r/glitch_art/,31563,True,False
t5_2s8fe,/r/gamecollecting/,25963,True,False
t5_2sg5b,/r/Terraria/,47399,True,False
t5_2s4hr,/r/metalgearsolid/,25020,True,False
t5_2s9k9,/r/BobsBurgers/,25627,True,False
t5_2rn0e,/r/r4r/,67549,True,False
t5_2ql0i,/r/manga/,40724,True,False
t5_2w7lx,/r/Bravenewbies/,5797,True,False
t5_2s2ul,/r/AndroidGaming/,41403,True,False
t5_2qk68,/r/discgolf/,22137,True,False
t5_2vzvv,/r/TheBluePill/,17867,True,False
t5_2sazo,/r/darksouls/,65518,True,False
t5_2t0lj,/r/onetruegod/,77640,True,False
t5_2s3yz,/r/ForeverAlone/,35617,True,False
t5_2qhi6,/r/Physics/,106407,True,False
t5_2r4wc,/r/Redskins/,9014,True,False
t5_2s20n,/r/miamidolphins/,5961,True,False
t5_2xp2o,/r/IdiotsFightingThings/,105141,True,False
t5_2sywx,/r/crazyeyes/,1036,True,False
t5_2qh56,/r/recipes/,121620,True,False
t5_2tb50,/r/katawashoujo/,10254,True,False
t5_2qu1p,/r/4x4/,12704,True,False
t5_2suml,/r/Awww/,24920,True,False
t5_2qh1m,/r/web_design/,118925,True,False
t5_2ulfn,/r/knifeclub/,10911,True,False
t5_2se0w,/r/opieandanthony/,9206,True,False
t5_2sc3f,/r/gamernews/,95066,True,False
t5_30uv2,/r/politota/,2851,True,False
t5_2w9it,/r/Perfectfit/,42952,True,False
t5_2qi2g,/r/washingtondc/,28575,True,False
t5_2qhxu,/r/Graffiti/,59447,True,False
t5_2sd1i,/r/AnimalPorn/,53571,True,False
t5_2qtr8,/r/army/,10793,True,False
t5_2xv4u,/r/undelete/,27983,True,False
t5_2t6xs,/r/ExpectationVsReality/,68247,True,False
t5_2roay,/r/husky/,9869,True,False
t5_2qh0n,/r/math/,126384,True,False
t5_2qkvl,/r/urbanexploration/,62142,True,False
t5_2vpth,/r/Frozen/,10581,True,False
t5_2qlhq,/r/Pizza/,34523,True,False
t5_2qhcv,/r/ukpolitics/,26328,True,False
t5_2uzei,/r/TwoBestFriendsPlay/,9538,True,False
t5_2qkhb,/r/melbourne/,20835,True,False
t5_2qh5i,/r/happy/,85587,True,False
t5_2qh48,/r/tech/,64307,True,False
t5_2s5xr,/r/SFGiants/,13632,True,False
t5_2reap,/r/ar15/,18019,True,False
t5_2qhlc,/r/privacy/,41642,True,False
t5_2qqel,/r/Mustang/,11290,True,False
t5_2qh75,/r/russia/,11434,True,False
t5_2qs0q,/r/webdev/,74341,True,False
t5_2qhvo,/r/Israel/,17383,True,False
t5_2qhcz,/r/psychology/,163938,True,False
t5_2r65x,/r/sloths/,49896,True,False
t5_2qhjz,/r/france/,26646,True,False
t5_2vc9u,/r/3amjokes/,35399,True,False
t5_2qho4,/r/texas/,24365,True,False
t5_2zhuq,/r/TsundereSharks/,25647,True,False
t5_2s7yr,/r/stopdrinking/,21246,True,False
t5_2r6l9,/r/boop/,26120,True,False
t5_2qr7i,/r/Feminism/,42815,True,False
t5_2rvat,/r/gopro/,28116,True,False
t5_2s4gt,/r/CanadaPolitics/,15353,True,False
t5_2r64t,/r/neopets/,9342,True,False
t5_2ql17,/r/falcons/,6256,True,False
t5_2qtjz,/r/Images/,44431,True,False
t5_2qlu4,/r/Fishing/,38678,True,False
t5_2wgoc,/r/bannedfromclubpenguin/,41675,True,False
t5_2ss6r,/r/ImaginaryCharacters/,29027,True,False
t5_2qie5,/r/drums/,26579,True,False
t5_2skim,/r/ArchitecturePorn/,56746,True,False
t5_2r2m9,/r/birdpics/,11859,True,False
t5_2tf29,/r/gallifrey/,43533,True,False
t5_2s5qb,/r/AlisonBrie/,34431,True,False
t5_2s3lm,/r/osugame/,8442,True,False
t5_2qh24,/r/philadelphia/,25890,True,False
t5_2rmf8,/r/crossdressing/,10590,True,False
t5_2rk5q,/r/3Dprinting/,28987,True,False
t5_2xpuo,/r/OpTicGaming/,6469,True,False
t5_2qvi5,/r/touhou/,5579,True,False
t5_2r090,/r/cigars/,27660,True,False
t5_2t0cn,/r/fireemblem/,14394,True,False
t5_2rgjh,/r/amiugly/,47848,True,False
t5_2szbf,/r/PlantedTank/,14797,True,False
t5_32br2,/r/MilitaryGfys/,8480,True,False
t5_2s83q,/r/germanshepherds/,11812,True,False
t5_2rpe6,/r/yugioh/,17574,True,False
t5_2qm1t,/r/flying/,22246,True,False
t5_2skrs,/r/hardwareswap/,14881,True,False
t5_2raop,/r/astrophotography/,35325,True,False
t5_2qhhq,/r/investing/,120435,True,False
t5_2tetu,/r/illusionporn/,50272,True,False
t5_2xyqu,/r/InsideGaming/,16130,True,False
t5_2r275,/r/socialskills/,98495,True,False
t5_2r8hf,/r/leafs/,12104,True,False
t5_2v480,/r/TalesFromYourServer/,28599,True,False
t5_2qhze,/r/Coffee/,84548,True,False
t5_2w7ch,/r/coaxedintoasnafu/,12974,True,False
t5_2qpoo,/r/ottawa/,14005,True,False
t5_2wvvc,/r/UnresolvedMysteries/,70361,True,False
t5_2s6ky,/r/LongDistance/,23068,True,False
t5_2tge9,/r/kemonomimi/,3038,True,False
t5_2qmah,/r/WeAreTheMusicMakers/,100098,True,False
t5_2ro2c,/r/AnimalCrossing/,40916,True,False
t5_2qymy,/r/photocritique/,29678,True,False
t5_2qhvj,/r/LSD/,25575,True,False
t5_2qh9z,/r/Health/,99622,True,False
t5_2qxea,/r/tonightsdinner/,31998,True,False
t5_2qm7x,/r/vegetarian/,32470,True,False
t5_2r2dd,/r/conspiratard/,43725,True,False
t5_2tp0t,/r/TheWayWeWere/,40725,True,False
t5_2rbpl,/r/Sonsofanarchy/,25562,True,False
t5_2sz41,/r/SpideyMeme/,41694,True,False
t5_2r8cd,/r/Borderlands/,56927,True,False
t5_2qkhk,/r/italy/,14116,True,False
t5_2rf7v,/r/beerporn/,26251,True,False
t5_2we2n,/r/ShingekiNoKyojin/,33025,True,False
t5_2uqcm,/r/MadeMeSmile/,39924,True,False
t5_2trla,/r/gaybrosgonemild/,6737,True,False
t5_2si7z,/r/HistoricalWhatIf/,53639,True,False
t5_2qhn7,/r/biology/,62984,True,False
t5_2s1w8,/r/ravens/,9096,True,False
t5_324xp,/r/RedditArmie/,3421,True,False
t5_2s8tk,/r/heat/,5991,True,False
t5_2rnpb,/r/rangers/,6656,True,False
t5_2r1v2,/r/StreetFights/,28561,True,False
t5_2s0w5,/r/footballmanagergames/,15122,True,False
t5_31toh,/r/FellowKids/,16923,True,False
t5_2yn47,/r/KillLaKill/,14898,True,False
t5_30y53,/r/ukraina/,5880,True,False
t5_2sgjt,/r/Punny/,55547,True,False
t5_2r37g,/r/AntiJokes/,47775,True,False
t5_2sd8l,/r/Stance/,8424,True,False
t5_2seqz,/r/AdPorn/,45496,True,False
t5_2qh2u,/r/japan/,52789,True,False
t5_2t5fu,/r/transpassing/,8424,True,False
t5_2scl9,/r/rawdenim/,18463,True,False
t5_2v70p,/r/malelivingspace/,44215,True,False
t5_2qono,/r/blackfriday/,9554,True,False
t5_2rbdu,/r/thesims/,35241,True,False
t5_30koz,/r/smashgifs/,5070,True,False
t5_2y3gz,/r/titlegore/,17685,True,False
t5_2rsl6,/r/chelseafc/,15981,True,False
t5_2slxa,/r/MoviePosterPorn/,50621,True,False
t5_2skl2,/r/happygirls/,32311,True,False
t5_2qh3b,/r/wikipedia/,145586,True,False
t5_2spop,/r/ThriftStoreHauls/,48937,True,False
t5_2y6r4,/r/GlobalOffensiveTrade/,12553,False,False
t5_2vigj,/r/RandomActsofMakeup/,13363,True,False
t5_2qioo,/r/techsupport/,57960,True,False
t5_1rqwi,/r/netsec/,115120,True,False
t5_2qiq1,/r/tennis/,21396,True,False
t5_2rd6i,/r/Thenewsroom/,9717,True,False
t5_2rz8z,/r/shield/,21016,True,False
t5_2qmh1,/r/electronicmusic/,111751,True,False
t5_2t46o,/r/ketorecipes/,46948,True,False
t5_2qhva,/r/hacking/,51919,True,False
t5_2uvah,/r/GunsAreCool/,7101,True,False
t5_2ra72,/r/nursing/,18785,True,False
t5_2s3q7,/r/arma/,19512,True,False
t5_2rahc,/r/Dexter/,44018,True,False
t5_2uikt,/r/swordartonline/,13500,True,False
t5_2sss3,/r/InfrastructurePorn/,37667,True,False
t5_2qhpi,/r/engineering/,79961,True,False
t5_2ra29,/r/buffalobills/,5706,True,False
t5_2qs08,/r/NASCAR/,14259,True,False
t5_2qq65,/r/Scotch/,40457,True,False
t5_2shyc,/r/tmobile/,6974,True,False
t5_2qorf,/r/Anarcho_Capitalism/,19840,True,False
t5_2qh9i,/r/brasil/,13978,True,False
t5_2v01c,/r/195/,7000,True,False
t5_2qr4d,/r/Audi/,10000,True,False
t5_2ql09,/r/PixelArt/,21199,True,False
t5_2qwwd,/r/Honda/,11691,True,False
t5_2s3uz,/r/chicagobulls/,13218,True,False
t5_2qhr7,/r/chess/,32130,True,False
t5_2rfom,/r/sixwordstories/,23637,True,False
t5_2vg41,/r/gentlemanbonersgifs/,15155,True,False
t5_2qhwe,/r/pinkfloyd/,18549,True,False
t5_2z7qd,/r/FunnyandSad/,16338,True,False
t5_2qhrn,/r/pittsburgh/,16209,True,False
t5_2tqbt,/r/Cynicalbrit/,40734,True,False
t5_2tk05,/r/NotTimAndEric/,38488,True,False
t5_2tfso,/r/soccercirclejerk/,6197,True,False
t5_2s561,/r/Barca/,8497,True,False
t5_2qh8c,/r/singapore/,15003,True,False
t5_2srr9,/r/greentext/,20962,True,False
t5_2s8o5,/r/femalefashionadvice/,87042,True,False
t5_2qiud,/r/tattoo/,31680,True,False
t5_2qhyq,/r/classicalmusic/,54228,True,False
t5_2t3ad,/r/patientgamers/,45709,True,False
t5_2qhdi,/r/FinalFantasy/,34663,True,False
t5_2s84e,/r/NBA2k/,13769,True,False
t5_2s6t5,/r/lookatmydog/,16621,True,False
t5_2qm8v,/r/EDM/,34641,True,False
t5_2qr4f,/r/Volkswagen/,15576,True,False
t5_22i0,/r/de/,16104,True,False
t5_2r2ct,/r/Chihuahua/,4305,True,False
t5_2qi2n,/r/christmas/,8123,True,False
t5_2syto,/r/raspberry_pi/,53189,True,False
t5_2qnkr,/r/Dallas/,19281,True,False
t5_2smf3,/r/EngineeringPorn/,27214,True,False
t5_2s3j5,/r/teslamotors/,15261,True,False
t5_2udb8,/r/gravityfalls/,12699,True,False
t5_2sqqh,/r/skyrimmods/,26029,True,False
t5_2tqd6,/r/intrusivethoughts/,10133,True,False
t5_2t1wr,/r/nflgifs/,9668,True,False
t5_2xebt,/r/MotoX/,8673,True,False
t5_2wn2g,/r/AlexisRen/,5884,True,False
t5_2vpsf,/r/CrossfitGirls/,5511,True,False
t5_2xh0g,/r/titanfall/,33577,True,False
t5_2s4tv,/r/JoeRogan/,28192,True,False
t5_2tf7t,/r/ImaginaryTechnology/,44384,True,False
t5_2r526,/r/steelers/,10760,True,False
t5_2qhkd,/r/energy/,49374,True,False
t5_2ypp1,/r/LGG3/,5743,True,False
t5_2ql97,/r/HomeImprovement/,36854,True,False
t5_2rd6n,/r/worldbuilding/,40558,True,False
t5_2s6h8,/r/androidthemes/,32375,True,False
t5_2qhqa,/r/screenshots/,22167,True,False
t5_2sgw7,/r/waterporn/,55288,True,False
t5_2v1jk,/r/BasicIncome/,19091,True,False
t5_2srjv,/r/Heavymind/,59926,True,False
t5_2qj0l,/r/Boxing/,20275,True,False
t5_2wnnh,/r/PeopleBeingJerks/,23331,True,False
t5_2rgoq,/r/C25K/,35862,True,False
t5_2t82m,/r/AskCulinary/,73566,True,False
t5_2r8t2,/r/gatech/,6351,True,False
t5_34opf,/r/AnimalsBeingFunny/,1316,True,False
t5_2qq2q,/r/sandiego/,20948,True,False
t5_2sa4d,/r/shittyadviceanimals/,11586,True,False
t5_2t79l,/r/curlyhair/,17678,True,False
t5_2qh0y,/r/Python/,85242,True,False
t5_2zume,/r/csgobetting/,25675,True,False
t5_2utvd,/r/DoctorWhumour/,20201,True,False
t5_2ss60,/r/Animewallpaper/,15712,True,False
t5_2ra77,/r/GTA/,29966,True,False
t5_2qnc9,/r/Meditation/,107602,True,False
t5_2qhmr,/r/compsci/,76773,True,False
t5_2v76v,/r/CLG/,7316,True,False
t5_2ua5i,/r/JonTron/,15536,True,False
t5_2slm7,/r/StonerEngineering/,50757,True,False
t5_2tual,/r/supremeclothing/,7950,True,False
t5_2qnwb,/r/ADHD/,30473,True,False
t5_2tocy,/r/nfffffffluuuuuuuuuuuu/,8438,True,False
t5_2tcpq,/r/ainbow/,32673,True,False
t5_2qhtl,/r/Michigan/,18192,True,False
t5_2qhhw,/r/PS3/,68380,True,False
t5_2ug7w,/r/animenocontext/,11594,True,False
t5_2r4eo,/r/AMA/,78347,True,False
t5_2qvd5,/r/streetart/,22410,True,False
t5_3311q,/r/ShittyAnimalFacts/,12799,True,False
t5_2qlq3,/r/Suomi/,10390,True,False
t5_2tswi,/r/ultrahardcore/,5615,True,False
t5_2s450,/r/Texans/,7564,True,False
t5_2qi6i,/r/Buffalo/,5932,True,False
t5_2sa4x,/r/edmproduction/,45860,True,False
t5_2s0ew,/r/fountainpens/,16505,True,False
t5_2r4b9,/r/asktransgender/,14337,True,False
t5_2s4ke,/r/EmmaStone/,24260,True,False
t5_2qh7x,/r/newreddits/,51242,True,False
t5_2sh0b,/r/EngineeringStudents/,37262,True,False
t5_2s4td,/r/iWallpaper/,22763,True,False
t5_2r6ex,/r/evangelion/,11371,True,False
t5_2qhnd,/r/jobs/,57796,True,False
t5_2vlyo,/r/BritishSuccess/,11357,True,False
t5_2sk3d,/r/BeardPorn/,18044,True,False
t5_2sa8b,/r/KitchenConfidential/,24157,True,False
t5_2qt7l,/r/beatles/,22250,True,False
t5_2qmij,/r/Anxiety/,49895,True,False
t5_2ut7p,/r/korrasami/,2975,True,False
t5_2sm1u,/r/VillagePorn/,42671,True,False
t5_2ryzy,/r/xxfitness/,58071,True,False
t5_2sd23,/r/fitmeals/,88528,True,False
t5_2ro3c,/r/futurebeats/,48434,True,False
t5_2qrap,/r/arresteddevelopment/,109869,True,False
t5_2tlh5,/r/SFM/,12182,True,False
t5_2qtno,/r/Winnipeg/,6416,True,False
t5_2qkaf,/r/networking/,39701,True,False
t5_2ui66,/r/AsianLadyboners/,4385,True,False
t5_2qmie,/r/portugal/,6602,True,False
t5_2rc6h,/r/secretsanta/,60527,True,False
t5_2qkeh,/r/answers/,79985,True,False
t5_2qh69,/r/howto/,137095,True,False
t5_324c1,/r/shittyrobots/,38658,True,False
t5_2tkhg,/r/eFreebies/,44014,True,False
t5_2ygas,/r/spaceengineers/,14820,True,False
t5_2srow,/r/spacex/,17249,True,False
t5_2xahv,/r/goddesses/,13517,True,False
t5_2sulf,/r/nflcirclejerk/,4075,True,False
t5_2sc60,/r/spongebob/,18991,True,False
t5_2qhh9,/r/Quebec/,8411,True,False
t5_2tolw,/r/ZettaiRyouiki/,6519,True,False
t5_2td2i,/r/nbacirclejerk/,2082,True,False
t5_2s3pe,/r/progmetal/,23428,True,False
t5_2s3bw,/r/whatsthisbug/,32402,True,False
t5_2wyuc,/r/vgb/,12932,True,False
t5_2sb2w,/r/bitchimabus/,39879,True,False
t5_2sni8,/r/shittybattlestations/,24648,True,False
t5_2rmt9,/r/BostonBruins/,11194,True,False
t5_2qiog,/r/korea/,14478,True,False
t5_2rgos,/r/bourbon/,20902,True,False
t5_2s5jo,/r/microgrowery/,37583,True,False
t5_2xpsy,/r/BABYMETAL/,2337,True,False
t5_2tcwa,/r/Glitch_in_the_Matrix/,77115,True,False
t5_2trms,/r/Pathfinder_RPG/,17015,True,False
t5_2s5ny,/r/shiba/,8984,True,False
t5_2rjto,/r/WhiteRights/,6073,True,False
t5_2z2ak,/r/Catloaf/,3721,True,False
t5_2rtiv,/r/warriors/,6789,True,False
t5_2rjo5,/r/IWantToLearn/,141309,True,False
t5_2qhe0,/r/Cricket/,15139,True,False
t5_2qhae,/r/architecture/,51367,True,False
t5_2r40j,/r/lostgeneration/,20783,True,False
t5_2qrrq,/r/nhl/,36431,True,False
t5_2v44q,/r/StLouisRams/,3214,True,False
t5_2td5w,/r/awwwtf/,40836,True,False
