id	url
2dxg4j	http://i.imgur.com/mDBCnSs.jpg
1mzuwr	http://i.imgur.com/GJ6hP0V.jpg
1a42e6	http://i.imgur.com/JSxDpd0.jpg
27odo9	http://i.imgur.com/zPSQNVI.jpg
1q3kax	http://i.imgur.com/WatBqdJ.jpg
17i382	http://i.imgur.com/WNhIP9C.jpg?1
1uaa4n	http://i.imgur.com/JDhMnr2.jpg
2i3ddj	http://i.imgur.com/gR2yY3Q.jpg
15hmla	http://i.imgur.com/Md2Sf.jpg
savv7	http://24.media.tumblr.com/tumblr_m1h3oq9uM11qfh2z1o1_500.jpg
xo8zc	http://i.imgur.com/5thqK.jpg
2cezzp	http://imgur.com/jxBmDcU.jpg
2dhgn4	http://i.imgur.com/MJqwwTn.jpg
1zmnty	http://static01.nyt.com/images/2014/03/04/science/04ANGIER/04ANGIER-superJumbo-v3.jpg
2cuezi	http://i.imgur.com/jh2rOed.jpg
2bir73	http://imgur.com/bMjJb76.jpg
2dmu03	http://i.imgur.com/VPx1MBH.jpg
2etw07	http://i.imgur.com/ocqsy9h.jpg
2c1x4l	http://i.imgur.com/JjuijKR.jpg
2grfpa	http://i.imgur.com/s5SpH9a.jpg
2h5tg9	http://i.imgur.com/qYvOntr.jpg
2fyqmp	http://i.imgur.com/YlvHphV.jpg
2jq5nw	http://i.imgur.com/bMa6OGP.jpg
2i4duj	http://i.imgur.com/HyWWWuS.jpg
23dnkn	http://i.imgur.com/opCuqn1.jpg
28f7oq	http://i.imgur.com/vGGjN17.jpg
2j1qot	http://i.imgur.com/BLe8SV9.jpg
2l3idk	http://i.imgur.com/VdowJZ9.jpg
2hx2ww	http://i.imgur.com/yYVZkKn.jpg
1vohsy	http://i.imgur.com/0mq0dhN.jpg
29o6os	http://i.imgur.com/FBQ5jkl.jpg
2a8qqx	http://i.imgur.com/pN3ko3Z.jpg
2hn6z0	http://upload.wikimedia.org/wikipedia/commons/9/9f/Orion-Nebula_A_A_Common.jpg
1u64jb	http://i.imgur.com/a5L8pmg.jpg
2k9uss	http://i.imgur.com/3kp9663.jpg
2k4ij8	http://i.imgur.com/LlgOqQn.jpg
1vbb9l	http://i.imgur.com/JW5WVpt.jpg
29ut4z	http://i.imgur.com/Bl5uPIu.jpg
272acg	http://i.imgur.com/uimVEhR.jpg
2l5920	http://i.imgur.com/MAUmRQn.jpg
2ngxlz	http://i.imgur.com/16qgO45.jpg
2emuic	http://i.imgur.com/lq7LySi.jpg
2hzgzf	http://i.imgur.com/vV3yAwl.jpg
2gggzf	http://st.houzz.com/simgs/f11110060f59355d_8-8295/modern-bathroom.jpg
23747g	http://i.imgur.com/duR9HLM.jpg
2hihgq	http://i.imgur.com/Szp9Kxj.jpg
2fcrki	http://i.imgur.com/Bnd6rzJ.jpg
1qf9ff	http://i.imgur.com/GYn82b5.jpg
2ln1tr	http://i.imgur.com/SrtJC7I.jpg
2hspwc	http://i.imgur.com/aB6hmnq.jpg
2f8xoa	http://i.imgur.com/BKpwvBL.jpg
208f28	http://i.imgur.com/g3AKpzo.jpg
2mvmqj	http://i.imgur.com/osA4PR6.jpg
2g8cy7	http://i.imgur.com/0uQnMCY.jpg
162a64	http://i.imgur.com/9H9nG.jpg
215l73	http://i.imgur.com/qJq8kID.jpg
znser	http://i.imgur.com/QPpJP.jpg
2dwqoz	http://i.imgur.com/Xjgk4tG.jpg
1y76jr	http://i.imgur.com/D8RMxew.jpg
2odygg	http://i.imgur.com/Jx2IQ9W.jpg
2i55zj	http://i.imgur.com/VFnXBRJ.jpg
2irodn	http://i.imgur.com/RZNlK9P.jpg
2j17hg	https://i.imgur.com/CPJWpIc.jpg
2g084q	http://i.imgur.com/xLrYr45.jpg
2cxywv	http://i.imgur.com/8xcSnvA.jpg
1fvl73	http://i.imgur.com/lrSoIJP.jpg
2neb08	http://i.imgur.com/zRZOHwb.jpg
2ccs3c	http://i.imgur.com/IlfLje4.jpg
2m6r41	http://i.imgur.com/KhZI5ab.jpg
2jvos8	http://i.imgur.com/4DcG2g2.jpg
1vp1w9	http://i.imgur.com/Bvst1tz.jpg
2hx93m	http://i.imgur.com/YfqRDCI.jpg
2je99p	http://i.imgur.com/61Cx7b7.jpg
2k9u1i	http://i.imgur.com/kYicHHe.jpg
1uo0re	http://i.imgur.com/VFvWaYU.jpg
1rui51	http://i.imgur.com/dHp5k.jpg
2lmy0c	http://i.imgur.com/kkdVIXP.jpg
2mwej5	http://media-cache-ec0.pinimg.com/236x/6d/61/ae/6d61ae00192a3127fe2eeb9adf6e8fa8.jpg
2beqm9	http://i.imgur.com/a3VI112.jpg
1yw1zh	http://i.imgur.com/zRaLz3h.jpg
1h67qm	http://i.imgur.com/Ivnc8.jpg
2e0u7b	http://i.imgur.com/EbMfyQo.jpg
2n6bu4	http://i.imgur.com/kMnOp1x.jpg
2324j9	http://i.imgur.com/eAjAnrz.jpg
2kwbem	http://i.imgur.com/EZyiqQy.jpg
1h9nem	http://i.imgur.com/3NAxhIO.jpg
2c94qn	http://i.imgur.com/7wxi2Hz.jpg
29oo8t	http://i.imgur.com/bEfnjhO.jpg
2d75g3	http://i.imgur.com/oXRmvsF.jpg
2dk4w7	http://i.imgur.com/pF4FgJU.jpg
265k3m	http://i.imgur.com/oPetcJF.jpg
22itd3	http://i.imgur.com/RpspQr2.jpg
2hae0x	http://i.imgur.com/qtigAPu.jpg
1t9fty	http://i.imgur.com/mV9jj1p.jpg
1fzg2q	http://i.imgur.com/4AwZY3o.jpg
2h8lwu	http://i.imgur.com/mQCQbcL.jpg
2c9yzk	http://i.imgur.com/c3kOF1O.jpg
2g8xx3	http://i.imgur.com/iflokZA.jpg
2l97rg	http://i.imgur.com/70GZ0eN.jpg
2l3l5e	http://i.imgur.com/tWFk3Ta.jpg
