edited,published_date,id,num_comments,title,permalink,mature,score,subreddit_title,user_id,subreddit_id,gilded,url
0,1416810880,2n7dta,4962,"[Serious] Teens of Reddit; what is something you want to ask adults, but don't necessarily want to ask your parents?",/r/AskReddit/comments/2n7dta/serious_teens_of_reddit_what_is_something_you/,0,1758,AskReddit,ama_about_my_beard,t5_2qh1i,0,http://www.reddit.com/r/AskReddit/comments/2n7dta/serious_teens_of_reddit_what_is_something_you/
0,1416788740,2n6awd,245,My buddy took this stunning photograph of El Cap with his phone yesterday. Oh so perfect! [960 × 960] by Mikey Bui,/r/EarthPorn/comments/2n6awd/my_buddy_took_this_stunning_photograph_of_el_cap/,0,4001,EarthPorn,Tristan_Leger,t5_2sbq3,0,http://i.imgur.com/PhxQZHF.jpg
0,1416781570,2n61b9,761,"Baltimore residents demand tougher laws on police officers: ""The hearing came two months after an investigation showed that residents have suffered broken bones and battered faces during arrests ... Nearly all of the victims in incidents that sparked those lawsuits were cleared of criminal charges.""",/r/news/comments/2n61b9/baltimore_residents_demand_tougher_laws_on_police/,0,3996,news,SAT0725,t5_2qh3l,0,http://www.baltimoresun.com/news/maryland/baltimore-city/bs-md-public-safety-hearing-20141122-story.html
0,1416793860,2n6j83,257,The signature on the wall of my basement steps turns 100 years old today.,/r/pics/comments/2n6j83/the_signature_on_the_wall_of_my_basement_steps/,0,3990,pics,mnLIED,t5_2qh0u,0,http://imgur.com/rRRXnfd
0,1416784510,2n64y9,7231,Who is your daddy and what does he do?,/r/AskReddit/comments/2n64y9/who_is_your_daddy_and_what_does_he_do/,0,2661,AskReddit,DrKillFactory,t5_2qh1i,0,http://www.reddit.com/r/AskReddit/comments/2n64y9/who_is_your_daddy_and_what_does_he_do/
0,1416743300,2n5sif,809,Burger King axes 89 of its 688 franchises in Germany at once over ongoing scandals about poor hygiene and mistreatment of staff.,/r/worldnews/comments/2n5sif/burger_king_axes_89_of_its_688_franchises_in/,0,4373,worldnews,Rogorator,t5_2qh13,0,http://www.thelocal.de/20141120/burger-king-axes-89-franchises-after-scandals-hygiene
0,1416776830,2n5wgk,552,"Ancient, previously unknown gut virus lives in half world’s population",/r/science/comments/2n5wgk/ancient_previously_unknown_gut_virus_lives_in/,0,4112,science,bigduck-r2d2,t5_mouw,0,http://www.sci-news.com/biology/science-crassphage-previously-unknown-ancient-gut-virus-02098.html
0,1416818300,2n7rcn,3598,Game Thread: 2014 Week 12 - Dallas Cowboys (7-3) vs. New York Giants (3-7),/r/cowboys/comments/2n7rcn/game_thread_2014_week_12_dallas_cowboys_73_vs_new/,0,84,cowboys,itsaboat,t5_2re7g,0,http://www.reddit.com/r/cowboys/comments/2n7rcn/game_thread_2014_week_12_dallas_cowboys_73_vs_new/
0,1416785540,2n66br,327,Just being majestic at the vet,/r/aww/comments/2n66br/just_being_majestic_at_the_vet/,0,4172,aww,bendimendo,t5_2qh1o,0,http://i.imgur.com/o1uogUO.jpg
0,1416786180,2n677b,677,After a 3 hour search for my prego hedgehog...,/r/aww/comments/2n677b/after_a_3_hour_search_for_my_prego_hedgehog/,0,4363,aww,drodeo,t5_2qh1o,0,http://imgur.com/a/7gyWC
0,1416772860,2n5t38,3679,2014 Abu Dhabi Grand Prix - Race Discussion,/r/formula1/comments/2n5t38/2014_abu_dhabi_grand_prix_race_discussion/,0,310,formula1,F1-Bot,t5_2qimj,0,http://www.reddit.com/r/formula1/comments/2n5t38/2014_abu_dhabi_grand_prix_race_discussion/
0,1416804860,2n72zx,3197,Game Thread: Washington Redskins (3-7) at San Francisco 49ers (6-4),/r/nfl/comments/2n72zx/game_thread_washington_redskins_37_at_san/,0,193,nfl,NFL_Mod,t5_2qmg3,0,http://www.reddit.com/r/nfl/comments/2n72zx/game_thread_washington_redskins_37_at_san/
0,1416793470,2n6ily,3658,OFFICIAL SUNDAY MORNING GAME THREAD,/r/fantasyfootball/comments/2n6ily/official_sunday_morning_game_thread/,0,178,fantasyfootball,FantasyMod,t5_2qlqq,0,http://www.reddit.com/r/fantasyfootball/comments/2n6ily/official_sunday_morning_game_thread/
0,1416804860,2n730m,5442,Game Thread: Miami Dolphins (6-4) at Denver Broncos (7-3),/r/nfl/comments/2n730m/game_thread_miami_dolphins_64_at_denver_broncos_73/,0,310,nfl,NFL_Mod,t5_2qmg3,0,http://www.reddit.com/r/nfl/comments/2n730m/game_thread_miami_dolphins_64_at_denver_broncos_73/
0,1416792580,2n6h26,6980,Game Thread: Detroit Lions (7-3) at New England Patriots (8-2),/r/nfl/comments/2n6h26/game_thread_detroit_lions_73_at_new_england/,0,475,nfl,NFL_Mod,t5_2qmg3,0,http://www.reddit.com/r/nfl/comments/2n6h26/game_thread_detroit_lions_73_at_new_england/
0,1416817790,2n7qb4,16279,Live SURVIVOR SERIES 2014 Discussion Thread,/r/SquaredCircle/comments/2n7qb4/live_survivor_series_2014_discussion_thread/,0,360,SquaredCircle,El_Zombie,t5_2sljg,0,http://www.reddit.com/r/SquaredCircle/comments/2n7qb4/live_survivor_series_2014_discussion_thread/
0,1416778240,2n5xu9,311,MRW I realize I sent 61 drunk texts to my ex,/r/reactiongifs/comments/2n5xu9/mrw_i_realize_i_sent_61_drunk_texts_to_my_ex/,0,4121,reactiongifs,xXNiNJAxSKRiLLEXx,t5_2t5y3,0,http://i.imgur.com/aSyRcmI.gif
0,1410079740,2fpdax,9153,Time to talk,/r/announcements/comments/2fpdax/time_to_talk/,0,1715,announcements,alienth,t5_2r0ij,22,http://www.reddit.com/r/announcements/comments/2fpdax/time_to_talk/
0,1416802050,2n6xdi,388,"TIL the smallest muscle in your body, found in the middle ear, dampens the sound of your own voice when you speak. Recordings of your voice sound odd because the stapedius muscle isn't functioning then.",/r/todayilearned/comments/2n6xdi/til_the_smallest_muscle_in_your_body_found_in_the/,0,3984,todayilearned,sexdrugswine89,t5_2qqjc,0,http://en.wikipedia.org/wiki/Stapedius_muscle#Function
0,1416765440,2n6jr0,603,Foolin' a father.,/r/funny/comments/2n6jr0/foolin_a_father/,0,4595,funny,ysteve699,t5_2qh33,0,http://i.imgur.com/HVEcgIj.gif
0,1416784770,2n65be,3476,"When was your ""too good to be true"" moment?",/r/AskReddit/comments/2n65be/when_was_your_too_good_to_be_true_moment/,0,2433,AskReddit,stankadank,t5_2qh1i,0,http://www.reddit.com/r/AskReddit/comments/2n65be/when_was_your_too_good_to_be_true_moment/
0,1416792580,2n6h17,3930,Game Thread: Green Bay Packers (7-3) at Minnesota Vikings (4-6),/r/nfl/comments/2n6h17/game_thread_green_bay_packers_73_at_minnesota/,0,301,nfl,NFL_Mod,t5_2qmg3,0,http://www.reddit.com/r/nfl/comments/2n6h17/game_thread_green_bay_packers_73_at_minnesota/
0,1416771070,2n5rrg,6744,"Reddit, what compliment do you never want to hear?",/r/AskReddit/comments/2n5rrg/reddit_what_compliment_do_you_never_want_to_hear/,0,2845,AskReddit,the_fenestrator,t5_2qh1i,0,http://www.reddit.com/r/AskReddit/comments/2n5rrg/reddit_what_compliment_do_you_never_want_to_hear/
0,1416819580,2n7tgp,12963,Game Thread: Dallas Cowboys (7-3) at New York Giants (3-7),/r/nfl/comments/2n7tgp/game_thread_dallas_cowboys_73_at_new_york_giants/,0,631,nfl,NFL_Mod,t5_2qmg3,0,http://www.reddit.com/r/nfl/comments/2n7tgp/game_thread_dallas_cowboys_73_at_new_york_giants/
0,1416769020,2n5q9s,3285,"TIL grasshoppers require 12 times less feed to produce a kilogram of edible mass than cattle. With global population growing, climate change etc, United Nations wants us to mass produce bugs for human consumption.",/r/todayilearned/comments/2n5q9s/til_grasshoppers_require_12_times_less_feed_to/,0,3913,todayilearned,genderwender,t5_2qqjc,0,http://universitypost.dk/article/insects-food-future
0,1416803710,2n70oy,4005,Game Thread: Arizona Cardinals (9-1) at Seattle Seahawks (6-4),/r/nfl/comments/2n70oy/game_thread_arizona_cardinals_91_at_seattle/,0,412,nfl,NFL_Mod,t5_2qmg3,0,http://www.reddit.com/r/nfl/comments/2n70oy/game_thread_arizona_cardinals_91_at_seattle/
0,1416800770,2n6v19,414,The annual red crab migration is on again on Christmas Island. This is behind a friends house on the island.,/r/pics/comments/2n6v19/the_annual_red_crab_migration_is_on_again_on/,0,3980,pics,Justsoinsane,t5_2qh0u,0,http://i.imgur.com/YlofSpf.jpg
0,1416759550,2n6abx,491,"I snowboard, my friend skis. We decided to swap...",/r/funny/comments/2n6abx/i_snowboard_my_friend_skis_we_decided_to_swap/,0,4235,funny,cluckabelle,t5_2qh33,0,http://i.imgur.com/1Q5J2fy.jpg
0,1416769660,2n6r1j,396,At least Buffalo still has its sense of humor,/r/pics/comments/2n6r1j/at_least_buffalo_still_has_its_sense_of_humor/,0,4711,pics,Olsettres,t5_2qh0u,0,http://i.imgur.com/6Iid2ZH.jpg
0,1416802820,2n6z1x,324,I work as a wind turbine tech in Sweden. The view some days are just amazing.,/r/pics/comments/2n6z1x/i_work_as_a_wind_turbine_tech_in_sweden_the_view/,0,4510,pics,hjokke,t5_2qh0u,0,http://i.imgur.com/rhh66Kb.jpg
